{
  "interactionModel": {
    "languageModel": {
      "invocationName": "skin guide",
      "intents": [
        {
          "name": "AMAZON.RepeatIntent"
        },
        {
          "name": "AMAZON.FallbackIntent",
          "samples": []
        },
        {
          "name": "AMAZON.HelpIntent",
          "samples": []
        },
        {
          "name": "AMAZON.StopIntent",
          "samples": []
        },
        {
          "name": "AMAZON.CancelIntent",
          "samples": []
        },
        {
          "name": "capture_intent_CtppYCcsgs",
          "slots": [
            {
              "name": "capture_slot_CtppYCcsgs",
              "type": "AMAZON.DE_FIRST_NAME",
              "samples": [
                "{capture_slot_CtppYCcsgs}"
              ]
            }
          ],
          "samples": []
        },
        {
          "name": "hauttyp_inhaltsstoffe",
          "samples": [
            "Hauttyp erfahren",
            "hauttyp",
            "Inhaltsstoffe und Hauttyp",
            "Ich möchte meine Inhaltsstoffe erfahren",
            "Ich möchte meine Inhaltsstoffe wissen",
            "Inhaltsstoffe erfahren",
            "Inhaltsstoffe",
            "Hauttyp wissen",
            "Ich möchte mein Hauttyp erfahren",
            "Ich möchte mein Hauttyp wissen"
          ]
        },
        {
          "name": "sos_tipps",
          "samples": [
            "Ich benötige Tipps.",
            "Ich möchte Tipps.",
            "Tipps",
            "SOS Tipps",
            "SOS Tipp",
            "Tipp",
            "SOS"
          ]
        },
        {
          "name": "diy_masken",
          "samples": [
            "DIY Maske bitte",
            "Passende Maske",
            "Welche Maske",
            "Maske bitte",
            "Was brauche ich für eine Maske",
            "Maske erstellen",
            "Maske",
            "Zeige mir eine DIY Maske",
            "Ich will eine Maske machen",
            "selbstgemacht Maske",
            "DIY Maske"
          ]
        },
        {
          "name": "step_by_step",
          "samples": [
            "Step by Step",
            "Ich brauche eine Step by Step Anleitung",
            "Ich brauche eine Schritt für Schritt Anleitung",
            "Schritt für Schritt",
            "Anleitung",
            "Routine",
            "Routineanleitung",
            "Ich brauche eine Anleitung"
          ]
        },
        {
          "name": "AMAZON.YesIntent",
          "samples": [
            "Ja ich kenne meinen Hauttyp",
            "Ja ich weiß mein Hauttyp",
            "Ja ich weiß es",
            "ja"
          ]
        },
        {
          "name": "AMAZON.NoIntent",
          "samples": [
            "Nein ich kenne meinen Hauttyp nicht",
            "Nein ich weiß es nicht",
            "nein"
          ]
        },
        {
          "name": "hauttyp_bekannt_normale_haut",
          "samples": [
            "normale",
            "ich habe eine normale Haut",
            "meine Haut ist normal",
            "normale Haut",
            "ich habe normale Haut",
            "normal"
          ]
        },
        {
          "name": "hauttyp_bekannt_fettige_haut",
          "samples": [
            "ölig",
            "meine haut ist ölig",
            "meine haut ist fettig",
            "ich habe fettige haut",
            "fettig"
          ]
        },
        {
          "name": "hauttyp_bekannt_trockene_haut",
          "samples": [
            "ich habe trockene haut",
            "trockene haut",
            "meine haut ist trocken",
            "trocken"
          ]
        },
        {
          "name": "hauttyp_bekannt_mischhaut",
          "samples": [
            "meine haut ist trocken und fettig",
            "meine haut ist fettig und trocken",
            "ich hab mischhaut",
            "ich habe eine mischhaut",
            "mischhaut"
          ]
        },
        {
          "name": "fettige_haut_antwort_zwei",
          "samples": [
            "unreinheiten",
            "mitesser"
          ]
        },
        {
          "name": "trockene_haut_antwort_zwei",
          "samples": [
            "ich habe juckreiz und rötungen",
            "ich habe rötungen und juckreiz",
            "ich habe rötungen",
            "ich habe juckreiz",
            "juckreiz und rötungen",
            "rötungen und juckreiz",
            "juckreiz",
            "rötungen"
          ]
        },
        {
          "name": "normale_haut_antwort_zwei",
          "samples": [
            "keins von den drei",
            "keins von diesen Antwortmöglichkeiten",
            "keins von allen",
            "keins"
          ]
        },
        {
          "name": "mischhhaut_antwort_zwei",
          "samples": [
            "ich habe alle drei zusammen",
            "alle drei",
            "juckreiz mitesser und rötungen",
            "mitesser rötungen und juckreiz",
            "rötungen juckreiz und mitesser",
            "mitesser und juckreiz",
            "mitesser und rötungen",
            "juckreiz und mitesser",
            "rötungen und mitesser"
          ]
        },
        {
          "name": "fettige_haut_antwort_drei",
          "samples": [
            "meine Haut glänzt",
            "ich habe glänzende Haut",
            "glänzend"
          ]
        },
        {
          "name": "trockene_haut_antwort_drei",
          "samples": [
            "meine haut ist sprödig und rissig",
            "meine haut ist rissig und sprödig",
            "meine haut ist rissig",
            "meine haut ist spröde",
            "spröde und rissig",
            "ich habe sprödige und rissige haut",
            "ich habe rissige und sprödige haut",
            "ich habe sprödige haut",
            "ich habe rissige haut",
            "rissig und spröde",
            "spröde",
            "rissig"
          ]
        },
        {
          "name": "normale_haut_antwort_drei",
          "samples": [
            "meine haut ist rosig und zart",
            "meine haut ist zart und rosig",
            "meine haut ist zart",
            "meine haut ist rosig",
            "ich habe zarte und rosige Haut",
            "ich habe rosige und zarte Haut",
            "ich habe zarte Haut",
            "ich habe rosige Haut",
            "zart und rosig",
            "rosig und zart",
            "zart",
            "rosig"
          ]
        },
        {
          "name": "mischhaut_antwort_drei",
          "samples": [
            "ich habe glänzende und sprödige haut",
            "ich habe sprödige und glänzende haut",
            "ich habe rissige und glänzende haut",
            "ich habe glänzende und rissige haut",
            "glänzend rissig und sprödig",
            "glänzend sprödig und rissig",
            "sprödig und glänzend",
            "rissig und glänzend",
            "glänzend und sprödig",
            "glänzend und rissig"
          ]
        },
        {
          "name": "fettige_haut_antwort_vier",
          "samples": [
            "ich habe große poren",
            "große Poren",
            "große",
            "groß"
          ]
        },
        {
          "name": "trockene_haut_antwort_vier",
          "samples": [
            "ich habe kleine Poren",
            "kleine Poren",
            "kleine",
            "klein"
          ]
        },
        {
          "name": "normale_haut_antwort_vier",
          "samples": [
            "keine sichtbar",
            "ich habe sichtbare Poren",
            "ich habe keine Poren",
            "keine Poren"
          ]
        },
        {
          "name": "mischhaut_antwort_vier",
          "samples": [
            "große und kleine",
            "kleine und große",
            "groß und klein",
            "klein und groß",
            "ich habe kleine und große Poren",
            "ich habe große und kleine Poren",
            "ich habe beides",
            "beides",
            "beide"
          ]
        },
        {
          "name": "neunzig_sekunden_lymphdrainage",
          "samples": [
            "ich möchte die routine neunzig sekunden lymphdrainage",
            "ich möchte die neunzig sekunden lymphdrainage",
            "lympdrainage",
            "neunzug sekunden lymphdrainage",
            "neunzig sekunden"
          ]
        },
        {
          "name": "face_massage_zuhause",
          "samples": [
            "schnelle face massage",
            "ich möchte die face massage",
            "face massage"
          ]
        },
        {
          "name": "gua_sha",
          "samples": [
            "ich möchte die gua sha routine",
            "gua sha"
          ]
        },
        {
          "name": "koreanische_routine",
          "samples": [
            "korea",
            "koreanische ",
            "ich möchte die koreanische skin care routine",
            "koreanische skin care"
          ]
        },
        {
          "name": "weiss_hauttyp_nicht",
          "samples": [
            "ich weiss es nicht",
            "ich weiss nicht welchen hauttyp ich habe",
            "keine ahnung",
            "weiss ich nicht"
          ]
        },
        {
          "name": "tipp_ausschlag",
          "samples": [
            "gegen ausschlag",
            "was kann ich gegen einen ausschlag",
            "ich brauche einen tipp für ausschlag",
            "ich brauche ein tipp für ausschlag",
            "hilfe ich habe einen ausschlag",
            "meine haut hat ausschlag",
            "hilfe ausschlag",
            "ausschlag",
            "ich habe ausschlag",
            "ich habe einen ausschlag"
          ]
        },
        {
          "name": "tipp_augenringe",
          "samples": [
            "hilfe augenschatten",
            "hilfe augenringe",
            "was kann ich gegen augenringe tun",
            "hilfe ich habe augenringe",
            "ich habe augenschatten",
            "augenschatten",
            "ich habe augenringe",
            "augenringe"
          ]
        },
        {
          "name": "tipp_pickel",
          "samples": [
            "gegen pickel",
            "hilfe ich habe einen pickel",
            "ich habe akne",
            "ich habe pickeln",
            "ich habe pickel",
            "ich habe einen pickel",
            "akne",
            "pickeln",
            "pickel"
          ]
        },
        {
          "name": "tipp_herpes",
          "samples": [
            "gegen herpes",
            "ich brauche ein tipp gegen herpes",
            "ich brauche ein tipp für herpes",
            "lippen herpes",
            "herpes auf den lippen",
            "hilfe herpes",
            "ich habe herpes",
            "ich hab herpes",
            "herpes"
          ]
        },
        {
          "name": "tipp_verbrennungen",
          "samples": [
            "gegen verbrennungen",
            "gegen sonnenbrand",
            "gegen verbrennung",
            "tipp gegen verbrennung",
            "tipp gegen sonnenbrand",
            "ich habe sonnenbrand",
            "ich hab sonnenbrand",
            "ich habe einen sonnenbrand",
            "sonnenbrand",
            "tipps gegen verbrennung",
            "tipps für verbrennung",
            "verbrannt",
            "ich habe mich verbrannt",
            "ich hab mich verbrannt",
            "brennung",
            "verbrennungen",
            "verbrennung"
          ]
        },
        {
          "name": "tipp_gerstenkorn",
          "samples": [
            "augenpickel",
            "auge",
            "tipp gegen rote schwellung am auge",
            "tipp gegen pickel am auge",
            "rote schwellung am auge",
            "tipp gegen gerstenkorn",
            "gegen gerstenkorn",
            "pickel am auge",
            "ich habe ein pickel am auge",
            "ich habe einen pickel am auge",
            "ich habe was am auge",
            "ich hab was im auge",
            "gerstenkorn"
          ]
        },
        {
          "name": "tipp_wunde",
          "samples": [
            "gegen kratzer",
            "tipp für kratzer",
            "tipp gegen kratzer",
            "wunde im gesicht",
            "ich habe kratzer am gesicht",
            "kratzer",
            "ich habe kratzer",
            "hilfe wunde",
            "ich habe wunde",
            "gegen wunde",
            "tipp für wunde",
            "tipp gegen wunde",
            "ich habe eine wunde",
            "wunde"
          ]
        },
        {
          "name": "tipp_gesichtshaare",
          "samples": [
            "haare über den lippen",
            "haare an den wangen",
            "damenbart",
            "tipps für gesichtshaare",
            "tipp gegen gesichtshaare",
            "tipps gegen gesichtshaare",
            "ich hab gesichtshaare",
            "ich habe gesichtshaare",
            "für gesichtshaare",
            "gegen gesichtshaare",
            "gesichtshaare"
          ]
        },
        {
          "name": "tipp_eingewachsene_haare",
          "samples": [
            "tipps gegen eingewachsene haare",
            "tipps für eingewachsene haare",
            "für eingewachsene haare",
            "haar ist eingewachsen",
            "gegen eingewachsene haare",
            "haare unter der haut",
            "hilfe eingewachsene haare",
            "ich habe eingewachsene haare",
            "eigewachsen",
            "eingewachsene haare"
          ]
        },
        {
          "name": "tipp_trockene_lippen",
          "samples": [
            "spröde lippen",
            "brüchige lippen",
            "sprödige lippen",
            "rissige lippen",
            "ausgetrocknete lippen",
            "meine lippen sind ausgetrocknet",
            "hilfe meine lippen sind trocken",
            "meine lippen sind trocken",
            "für trockene lippen",
            "gegen trockene lippen",
            "tipps gegen trockene lippen",
            "tipps für trockene lippen",
            "hilfe trockene lippen",
            "ich habe trockene lippen",
            "trockene lippen"
          ]
        },
        {
          "name": "normale_haut",
          "samples": [
            "unverändert"
          ]
        },
        {
          "name": "mischhaut_antwort_eins",
          "samples": [
            "ölig und trocken",
            "trocken und ölig",
            "fettig und trocken",
            "tocken und fettig"
          ]
        },
        {
          "name": "AMAZON.NavigateHomeIntent",
          "samples": []
        }
      ],
      "modelConfiguration": {
        "fallbackIntentSensitivity": {
          "level": "LOW"
        }
      }
    },
    "dialog": {
      "intents": [
        {
          "name": "capture_intent_CtppYCcsgs",
          "confirmationRequired": false,
          "prompts": {},
          "slots": [
            {
              "name": "capture_slot_CtppYCcsgs",
              "type": "AMAZON.DE_FIRST_NAME",
              "elicitationRequired": true,
              "confirmationRequired": false,
              "prompts": {
                "elicitation": "Elicit.Slot.capture_slot_CtppYCcsgs.capture_intent_CtppYCcsgs.3q48UqDRIbroKAsbJ6yVrgbn9y7FK37y"
              }
            }
          ]
        }
      ],
      "delegationStrategy": "ALWAYS"
    },
    "prompts": [
      {
        "id": "Elicit.Slot.capture_slot_CtppYCcsgs.capture_intent_CtppYCcsgs.3q48UqDRIbroKAsbJ6yVrgbn9y7FK37y",
        "variations": [
          {
            "type": "SSML",
            "value": "\u003cspeak\u003e\u003c/speak\u003e"
          }
        ]
      }
    ]
  },
  "version": "2"
}